﻿{"cameraMode":{"drawMode":0,"name":"Shaded","section":"Shading Mode"},"sceneLighting":true,"audioPlay":false,"sceneViewState":{"showFog":true,"showMaterialUpdate":false,"showSkybox":true,"showFlares":true,"showImageEffects":true,"showParticleSystems":true},"in2DMode":false,"pivot":{"x":1.1747499704360963,"y":9.055892944335938,"z":-11.030950546264649},"rotation":{"x":-0.3581092655658722,"y":0.019280938431620599,"z":-0.0073959436267614368,"w":-0.933451235294342},"size":7.975611686706543,"orthographic":false}